Person 1,Person 2,Anniversary
James Buckley,Jordan Sherman,2004-03-11
Natalie Huynh,Melissa Wilson,1992-05-13
Debbie White,Elijah Hill,2018-09-26
Sharon Carr,Edward Lang,1999-03-16
Cody Cameron,Amy Brown,2023-07-28
Jennifer Smith,Katelyn James,2018-12-11
Brianna George,David Bridges,2010-01-05
Sandra Williams,Jason Parker,2002-10-31
Cody Velasquez,Samantha Soto,1976-09-11
Mackenzie Spencer,Mitchell Walton,2012-02-05
Anna Bowman,Danielle Jordan,2000-02-16
Juan Castro,William Prince,1993-01-05
Jason Parker,Mary Avery,1985-05-05
Sharon Carr,Jenny Holt,2015-07-03
Christopher Harvey,Wayne Barker,2004-02-12
Lori Mays,Devin Reed,2021-10-03
Denise Gutierrez,Leah Cervantes,2001-04-15
Phillip Bailey,Troy Quinn MD,1981-04-05
Tricia Cobb,Mark Chavez DVM,1978-06-29
Mary Gonzales,Mrs. Amy Romero PhD,2005-11-15
Mrs. Amy Romero PhD,Sheri Grimes,2016-12-01
Wayne Barker,Robert Craig,2002-05-11
Greg Hill,Adam Campbell,1986-01-02
Michelle Duncan,James Brown,1993-10-19
Bradley Baker,Brian Clark,1991-08-27
Bradley Baker,Samantha Soto,1987-12-12
Loretta Lewis,Sarah Downs,1974-05-22
Anthony Williams,Denise Gutierrez,1975-03-06
Dr. Nicole Robinson PhD,Brianna Floyd,1995-05-14
Sarah Downs,Stacy Aguirre,1979-10-12
Laura Rocha,Sean Ibarra,2011-06-24
Stacy Aguirre,Brian Williams,1997-03-14
Jennifer Williams,Christopher Hall,2013-12-21
Sara Taylor,Mark Hart,2024-03-04
Stephanie Medina,Jasmine Greene,2021-07-18
Brian Williams,Timothy Johnson,1995-01-22
Leah Cervantes,Steven Martinez,1983-03-02
Ashley Berger,Megan Prince,1993-11-11
Taylor Weaver,Sean Tapia,1982-08-01
James Buckley,Ryan Wilson,1990-07-14
Amber Freeman,Cody Velasquez,1998-04-06
Laura Rocha,James Walker,1990-09-02
James Buckley,Debbie White,1991-05-25
Mitchell Walton,Brian Clark,2018-09-26
Devin Reed,Curtis Higgins,1975-12-19
Brian Gordon,Michelle Adams,2021-04-21
Douglas Tran,Leslie Crawford,1977-02-24
Jacob Lewis PhD,Amy Brown,2008-08-05
